id;nom;prenom;genre;dateNaissance;codePostal;telephone;parcours;ects;moyenne;login;password;status
0;Suprème;Leader;NULL;NULL;NULL;NULL;NULL;NULL;NULL;admin;$2y$10$nU/1kcLjeiWLYqz0ebYlau4uOJ5Raajd5SVnFimTd./rxGhW7XIjW;admin
1;1;1;Homme;02/05/2022;1;1;NULL;NULL;NULL;1;$2y$10$LE7No8Gy1Xg1FpObELVXo.FXsDx5ZE4.iBlhY990v0//53xLPxBSO;responsable
2;Dupre;Gabriel-Victor;NULL;NULL;NULL;NULL;gsi;30;17,417;Gabriel-VictorDupre@cy-tech.fr;$2y$10$91oCy32l4j9FlRe9ZCAB2etTxqfgVJbqc69DRwtAA87dcMBJCmL56;etudiant
3;Ribeiro;Marc;NULL;NULL;NULL;NULL;gsi;30;16,946;MarcRibeiro@cy-tech.fr;$2y$10$o2LCTI0rD5T7nA4hyMxZSe0F3dOtsOBAVwVPXpRuQHaJFMOJu122q;etudiant
4;Sauvage;Susan;NULL;NULL;NULL;NULL;gsi;30;16,742;SusanSauvage@cy-tech.fr;$2y$10$2lHsqA62x3kQVFX8SbIQfuQ9Vqf2mLKgLx7co1T1R1y0c8LhqinOu;etudiant
5;Alves;Denis-Adrien;NULL;NULL;NULL;NULL;gsi;30;16,662;Denis-AdrienAlves@cy-tech.fr;$2y$10$3o0BfGEqzso9zNqrReESzuIVseYGLFhxYtiC2GlIPBYRAMkRU2R.m;etudiant
6;Levy;Michel;NULL;NULL;NULL;NULL;gsi;30;16,572;MichelLevy@cy-tech.fr;$2y$10$h2KA3BSC5caJXGLicalJUepN/dj467SEQX2I7AqnoQGbRiWu8/pn.;etudiant
7;Boulay;Adélaïde;NULL;NULL;NULL;NULL;gsi;30;16,54;AdélaïdeBoulay@cy-tech.fr;$2y$10$EDUDfZZycMIo8srRkyXgvOCRYnY4L2v21CrhLqfZL68iB/IQXGhXi;etudiant
8;Seguin;Marthe;NULL;NULL;NULL;NULL;gsi;30;16,529;MartheSeguin@cy-tech.fr;$2y$10$Qd4vLKS8p0KgOWA.H.s47eIxghm4GaxlShNyHcAg0zZ56z41fH65y;etudiant
9;Jacquet;Noël;NULL;NULL;NULL;NULL;gsi;30;16,427;NoëlJacquet@cy-tech.fr;$2y$10$KjPzCzgfzukfqrVvYdICX.7RxjJlYX7HH2jEUtWoyWXTiHd5IfEGu;etudiant
10;Mallet;Monique;NULL;NULL;NULL;NULL;gsi;30;16,333;MoniqueMallet@cy-tech.fr;$2y$10$Q9BjOmAK52M8BK061h2PieK75/P1hqGVrPAT2CEsXfNKiADe.GZoq;etudiant
11;Lamy-Besson;Charles;NULL;NULL;NULL;NULL;gsi;30;16,301;CharlesLamy-Besson@cy-tech.fr;$2y$10$0MweqR4zp4uomVu59qZXU.EMnEQlLJZp2NGAmd0cy6gqXvJrUkvG6;etudiant
12;Herve;François;NULL;NULL;NULL;NULL;gsi;30;16,26;FrançoisHerve@cy-tech.fr;$2y$10$mWg.FcbYVXhgexVlR5yTge5H3AA17c2j8NdaRisISuE5KQ036HgEa;etudiant
13;Hamel;Marine;NULL;NULL;NULL;NULL;gsi;30;16,199;MarineHamel@cy-tech.fr;$2y$10$uPuoaUzU888hnoQN0MWbc.hcp6so7Vjqk/xXfjOZ9roPRXJaoKvwW;etudiant
14;Marie;Caroline;NULL;NULL;NULL;NULL;gsi;30;16,129;CarolineMarie@cy-tech.fr;$2y$10$8kTcP5xbhhBmbXllzJ7IMeBRLxjc5f0uMhEh/6N4d2l7XUKW33yI.;etudiant
15;Lemaitre;Jeannine;NULL;NULL;NULL;NULL;gsi;30;16,114;JeannineLemaitre@cy-tech.fr;$2y$10$GlJIvGw4wPWiq6XCFLKaU.NM.08XPjLIbarqhrrrDdJhmXT0wW0hy;etudiant
16;Humbert;Joséphine;NULL;NULL;NULL;NULL;gsi;30;16,066;JoséphineHumbert@cy-tech.fr;$2y$10$LIUBFSm1.FOeMfP90FRfh.mIH6FRtZAHEApOcYiTVujHNAYXW29vO;etudiant
17;Lenoir;Benoît;NULL;NULL;NULL;NULL;gsi;30;16,06;BenoîtLenoir@cy-tech.fr;$2y$10$rHewHIUXit3TUSVjFSJqoOavyiHr0AkA8LZ0QWGthy/TjjSYy1CUC;etudiant
18;Marty;Pénélope;NULL;NULL;NULL;NULL;gsi;30;16,038;PénélopeMarty@cy-tech.fr;$2y$10$vZOvzAK.Y615ntnfefsFNef9Mx5sYXDa8i36KeHvN9k.pYj2osGna;etudiant
19;Ramos;Alfred;NULL;NULL;NULL;NULL;gsi;30;15,958;AlfredRamos@cy-tech.fr;$2y$10$n4O2gorxTXbOnOkK/O3it.4cSFhCI44.ujeJGXa45gd4gkm6ijPau;etudiant
20;Normand;Philippine;NULL;NULL;NULL;NULL;gsi;30;15,873;PhilippineNormand@cy-tech.fr;$2y$10$kpk9OxU2vHovjWvIhhQwxOVZQ4YZ9pHXuFn4y0bhaTM9iKO5eLvAO;etudiant
21;Dufour-Gallet;Luc;NULL;NULL;NULL;NULL;gsi;30;15,779;LucDufour-Gallet@cy-tech.fr;$2y$10$XbOfILRS7n4YmmPeuj8nOu3rKa3BppYpm9bZqTQ03N71o7c0IGZbS;etudiant
22;Gros;Corinne;NULL;NULL;NULL;NULL;gsi;30;15,758;CorinneGros@cy-tech.fr;$2y$10$GbJzq6ad8PXQgqwi3jGnPuIY.VEkzzlAQq5k71Zu8vfo0slVz.4fC;etudiant
23;Dijoux;Isabelle;NULL;NULL;NULL;NULL;gsi;30;15,746;IsabelleDijoux@cy-tech.fr;$2y$10$jysynNVMFMjGoto6SbQkw.jnFHxvwI3LO9s94lj57JkFr84h7ikVS;etudiant
24;Gaillard;Dominique;NULL;NULL;NULL;NULL;gsi;30;15,715;DominiqueGaillard@cy-tech.fr;$2y$10$MJtQn5fkibEHAI8cO9wwpOxx5ORnHe6nKX84UxMj1eiSdLWRKlY42;etudiant
25;Ribeiro;Pénélope;NULL;NULL;NULL;NULL;gsi;30;15,709;PénélopeRibeiro@cy-tech.fr;$2y$10$RES.ZXu20qUSOlUSwd8UBOBumwG/uI7gVrU7C90PIg4D0orfS715e;etudiant
26;Marchal;Zacharie;NULL;NULL;NULL;NULL;gsi;30;15,695;ZacharieMarchal@cy-tech.fr;$2y$10$TQh..CVoLe4axz6aqSltCeahO7ZX.XTBknFr6pYeMpCJ9TasJrfUK;etudiant
27;Guillou;Marc;NULL;NULL;NULL;NULL;gsi;30;15,646;MarcGuillou@cy-tech.fr;$2y$10$mhmuhXhNRf2Lgjsmh/TqUOa0lAXt6F/ptJkArzQ4hEUj2tbUaawBq;etudiant
28;Masson;Benjamin;NULL;NULL;NULL;NULL;gsi;30;15,623;BenjaminMasson@cy-tech.fr;$2y$10$rmNyhfVgah7uUoBYmdoCc.eb/SJPoWHd3TQbjaHpenNkOK87bvPeK;etudiant
29;Bonnet;Georges;NULL;NULL;NULL;NULL;gsi;30;15,575;GeorgesBonnet@cy-tech.fr;$2y$10$mL/b4VExlvHXn2lfz5KyMuLKyYSmqj7MrPDtD.4jB5jbXN2X5vSdK;etudiant
30;Foucher;Jérôme;NULL;NULL;NULL;NULL;gsi;30;15,568;JérômeFoucher@cy-tech.fr;$2y$10$Hy2Gm93w8HcyF2hvYeGUKeTFz6tx9LlyMMYWt2.sBvFnqdVUVHYP2;etudiant
31;Faure;Emmanuelle;NULL;NULL;NULL;NULL;gsi;30;15,567;EmmanuelleFaure@cy-tech.fr;$2y$10$7rSCjoFz93Q0FVNoXZ/SvOGDEkms6KxKdgIVzowHEbVOmQ3Tu5yK.;etudiant
32;Louis;David;NULL;NULL;NULL;NULL;gsi;30;15,55;DavidLouis@cy-tech.fr;$2y$10$WCfUl3ov28gI3xhw1N3TJesopPC3cvZ17UsTOuKkIVowURu8zloUS;etudiant
33;Rocher;Andrée;NULL;NULL;NULL;NULL;gsi;30;15,535;AndréeRocher@cy-tech.fr;$2y$10$2SAeXWR/Pa9XY0MLzPnuPO1AMhilqSS2iyXcEQDOd6F8RMmU.ZiYG;etudiant
34;Guerin;Gérard;NULL;NULL;NULL;NULL;gsi;30;15,527;GérardGuerin@cy-tech.fr;$2y$10$xD7sCxv7VHhf6Ob86HR3mOnxma40.xkL/mkk6ezSIS5svNpqboxna;etudiant
35;Bailly;Caroline;NULL;NULL;NULL;NULL;gsi;30;15,491;CarolineBailly@cy-tech.fr;$2y$10$18Yj4Yf8pvZgsFNshNz6GuWu7UrftGVmW4sGQSFmWvRHMHBf54ngi;etudiant
36;Lucas;Christelle;NULL;NULL;NULL;NULL;gsi;30;15,474;ChristelleLucas@cy-tech.fr;$2y$10$Sj5/x1GLhmZ0pyEz2qFVtuitTmPpd/xdIr0VD.pe3tBgWKS0Gy2qe;etudiant
37;Morel;Hugues;NULL;NULL;NULL;NULL;gsi;30;15,468;HuguesMorel@cy-tech.fr;$2y$10$8aVs.NSJpRpQ/WEVEdIjG.JCy4TXMirDCOEuWiL0mofXAqkabkVHe;etudiant
38;Blanc;Thibault-Charles;NULL;NULL;NULL;NULL;gsi;30;15,448;Thibault-CharlesBlanc@cy-tech.fr;$2y$10$UADRpABZDhX54SLcE7n25.2LE6DOjkc2vzw5SWtPpy7obZU.7hXmC;etudiant
39;Allard;Étienne-Gilbert;NULL;NULL;NULL;NULL;gsi;30;15,348;Étienne-GilbertAllard@cy-tech.fr;$2y$10$lB/MiYRIWL25GxNXXQxzoOs6PnlJwiJfGDKqM5me3r4ktcRyrOzrO;etudiant
40;Bernard;Zacharie;NULL;NULL;NULL;NULL;gsi;30;15,305;ZacharieBernard@cy-tech.fr;$2y$10$JgJEGknpSOKJ5IuhfnpTDekdyat37pLvlEGJ9vwbvK7y4Blh1axmW;etudiant
41;Lopez;daisy;NULL;NULL;NULL;NULL;gsi;30;15,276;daisyLopez@cy-tech.fr;$2y$10$8HVAKR2DGHtO1TYuwSoaFONaXPMqafZB91xgoh06bv897otocxKM6;etudiant
42;Legendre;Émile-Olivier;NULL;NULL;NULL;NULL;gsi;30;15,221;Émile-OlivierLegendre@cy-tech.fr;$2y$10$UWEQAPdBbAQHOCGmP.GRC.z2rddvM9vZXOzSxTiC.6nsfT2Wp6qpa;etudiant
43;Leclerc;Claire;NULL;NULL;NULL;NULL;gsi;30;15,212;ClaireLeclerc@cy-tech.fr;$2y$10$HdUpR2Lqvr5vzcx5psGF9OnBh.lXi7GwE0Yt9yqWPZAS1RXUtCch6;etudiant
44;Bonnet;Raymond;NULL;NULL;NULL;NULL;gsi;30;15,208;RaymondBonnet@cy-tech.fr;$2y$10$PSQ.Qi9FxlYZs9tO8lUhNuF5mdiqGyRvz65IpUU.wPd6C3t0TEVWC;etudiant
45;Leblanc;Clémence;NULL;NULL;NULL;NULL;gsi;30;15,206;ClémenceLeblanc@cy-tech.fr;$2y$10$n/Ia13N8codPZGrFZgq2uO4CF5pS1P21gxP7FqC9H36B9gwtexKya;etudiant
46;Marin;Gilbert;NULL;NULL;NULL;NULL;gsi;30;15,169;GilbertMarin@cy-tech.fr;$2y$10$HrQGdAlSaKknmmvXptmaq.4KD4Q5ob9rg0cDOBQ3noInGqfRRlJuO;etudiant
47;Humbert-Barbe;Noémi;NULL;NULL;NULL;NULL;gsi;30;15,128;NoémiHumbert-Barbe@cy-tech.fr;$2y$10$bTcNDlB07euX40g2POmF2.774hzg3ZQfDRxXG/JBeoSJeGDO3uf/C;etudiant
48;de;Étienne;NULL;NULL;NULL;NULL;gsi;30;15,089;Étiennede@cy-tech.fr;$2y$10$kfJw8d0RlWIQEd9H6wM3tO9JwEAI.GkREhw449HcL52sRcTVCWMxS;etudiant
49;de;Philippine;NULL;NULL;NULL;NULL;gsi;30;15,056;Philippinede@cy-tech.fr;$2y$10$62/cDnprrscHOwxeLB7zy.JPTaDBjfWvKb7XacP7eZPHC58v.hn8O;etudiant
50;Thibault;Juliette;NULL;NULL;NULL;NULL;gsi;30;15,004;JulietteThibault@cy-tech.fr;$2y$10$9cGpb9ExxwkuqznAgZp.cuWE4ChP8U/H6r662nbnkvoCyDo7VKO56;etudiant
51;de;François;NULL;NULL;NULL;NULL;gsi;30;14,982;Françoisde@cy-tech.fr;$2y$10$BX7.7/PBHPL4Ai6DzsdZN.TXYmJeBIc3QNA0EhBP9emNWhAoMBGUy;etudiant
52;du;Léon;NULL;NULL;NULL;NULL;gsi;30;14,927;Léondu@cy-tech.fr;$2y$10$HI320JCIcP0MK2iITcXdm.Kh7aroXAgvEQByDnkeklg/ZgyACmGbG;etudiant
53;Alves;Maurice;NULL;NULL;NULL;NULL;gsi;30;14,918;MauriceAlves@cy-tech.fr;$2y$10$cQ4wmFD2ywo13lmEKoUldOWcjOb2zT1VdrqWdT74xORKv5xiQIY66;etudiant
54;Blanc;Marie;NULL;NULL;NULL;NULL;gsi;30;14,894;MarieBlanc@cy-tech.fr;$2y$10$bSHXs13Xa3BT7ModvBKJM.TypJ7ROpFlZg.wzJ48MUs6ADnj0iOFm;etudiant
55;Clement;Denise-Alexandrie;NULL;NULL;NULL;NULL;gsi;30;14,88;Denise-AlexandrieClement@cy-tech.fr;$2y$10$ZIbRHhPxwXvGtCh/CJ7jOuTgFuWIXPQB/iy246Dt7YOm94.qtkWL2;etudiant
56;Ribeiro;Luc;NULL;NULL;NULL;NULL;gsi;30;14,854;LucRibeiro@cy-tech.fr;$2y$10$uUvoN9P4zgBpfwGaSmKPaOqW0ieOurzerLFq501Lfddf0pzZYbCsa;etudiant
57;du;Charlotte;NULL;NULL;NULL;NULL;gsi;30;14,849;Charlottedu@cy-tech.fr;$2y$10$0zcCb/NCQJkNmgBy/J0Gz.RSzymTCl5fTHxOYnOLXjwL0fHuslZyG;etudiant
58;du;Michèle;NULL;NULL;NULL;NULL;gsi;30;14,835;Michèledu@cy-tech.fr;$2y$10$BVXYQG67XT6J0p36jfm7Qu80nziDRPyKiqdfqflOra6dT.4zPsJgK;etudiant
59;Maillet;Hortense;NULL;NULL;NULL;NULL;gsi;30;14,732;HortenseMaillet@cy-tech.fr;$2y$10$CnrT4Ry5Z5LcvNk3tiV/k.SicA86d1GY5KdKCg9N7B1dMQE3aPNpm;etudiant
60;Chauveau;Françoise;NULL;NULL;NULL;NULL;gsi;30;14,724;FrançoiseChauveau@cy-tech.fr;$2y$10$T2vfXrkZqiJvobJlLoczC.L//sykxuPMOERsecR5oGYZAg6zdIpXm;etudiant
61;Le;Jeanne;NULL;NULL;NULL;NULL;gsi;30;14,689;JeanneLe@cy-tech.fr;$2y$10$dvTxP6Oo3uv1r7nbXK/NxenPEMeRXYW9zC1yfciPWKd20cWB6QMRq;etudiant
62;Giraud;Louis;NULL;NULL;NULL;NULL;gsi;30;14,683;LouisGiraud@cy-tech.fr;$2y$10$hh2KGIGYrg8OpNdd0nH7CuMuoh2RRRPjDdsOlW/Z9mGEHHey8p2BW;etudiant
63;Lemaire;Hugues;NULL;NULL;NULL;NULL;gsi;30;14,65;HuguesLemaire@cy-tech.fr;$2y$10$THZhFtHtvpI/82j4KBd/murjzkuzvK6uGBN7hV5KtKIOkGPMaAImi;etudiant
64;Roy-Perret;Yves;NULL;NULL;NULL;NULL;gsi;30;14,635;YvesRoy-Perret@cy-tech.fr;$2y$10$11jeeQP6.5EtFJb0wmBTs.OzSriqyXpg61inkOCngfaVnpywUS82m;etudiant
65;Riou;Isaac;NULL;NULL;NULL;NULL;gsi;30;14,633;IsaacRiou@cy-tech.fr;$2y$10$tbIkvm5s29I55xL1hzHT3O/Sqf54LXI1xPA27MD2mdEkI.NE4PiIy;etudiant
66;Mace-Carre;Daniel;NULL;NULL;NULL;NULL;gsi;30;14,632;DanielMace-Carre@cy-tech.fr;$2y$10$2E1nR0csAo79TeKfglnG4uksRizgdfA1zolcEMZYJm4pLZu9Bijai;etudiant
67;Normand;Laurence;NULL;NULL;NULL;NULL;gsi;30;14,573;LaurenceNormand@cy-tech.fr;$2y$10$jEpYRINkAzjQKN6chyhioOWrF6iDdtJGMtj53qXsIoy.GbLbtTys6;etudiant
68;Etienne;Antoine;NULL;NULL;NULL;NULL;gsi;30;14,559;AntoineEtienne@cy-tech.fr;$2y$10$aeMD0DYxNbfc2mhO4CFDqeNbT74TJi9OTHW2jyeGlytv9ISjfi5vO;etudiant
69;Le;Éric;NULL;NULL;NULL;NULL;gsi;30;14,557;ÉricLe@cy-tech.fr;$2y$10$0briZW4PqQeoaJi3VpkAj.vjmVwqnEtbtZFn7BsZTF4yPBRAhaMM2;etudiant
70;Rolland;Lucas;NULL;NULL;NULL;NULL;gsi;30;14,549;LucasRolland@cy-tech.fr;$2y$10$CdYlXXcTt4z3oInkhWWYHe//fK9AHXeKpwT5U2Wu/tpFKFn/9xsU.;etudiant
71;Barre-Vallee;Frédérique;NULL;NULL;NULL;NULL;gsi;30;14,522;FrédériqueBarre-Vallee@cy-tech.fr;$2y$10$3IB74QrvyFBAcd3j7ACEceUFUR7njbsul2KOMjpUWghSTTBoiJGpa;etudiant
72;Bailly;Laurence;NULL;NULL;NULL;NULL;gsi;30;14,516;LaurenceBailly@cy-tech.fr;$2y$10$9Q9fTyXhpW/ZliqR6wwST.jBYJVoTAF0SCTxWaq0qk34WEnoP00/q;etudiant
73;Evrard;Noémi;NULL;NULL;NULL;NULL;gsi;30;14,495;NoémiEvrard@cy-tech.fr;$2y$10$u/fbihZvpF.QSpOvt0CEzOMhV8l7wf3jCC.PRaQhiLHPYE7o/wYrW;etudiant
74;Faivre;Thibault;NULL;NULL;NULL;NULL;gsi;30;14,348;ThibaultFaivre@cy-tech.fr;$2y$10$MtMiPGxBNvE7kG.5eQklTeYQFm4unWhODO3JthDiNzUE62xdGcypa;etudiant
75;de;Suzanne;NULL;NULL;NULL;NULL;gsi;30;14,33;Suzannede@cy-tech.fr;$2y$10$2c25VNNHDVRKc/LjmrMXOuq4sOj1jnUiG7D3JvwgPcJuwjGcOY8g.;etudiant
76;Dumas;Eugène;NULL;NULL;NULL;NULL;gsi;30;14,321;EugèneDumas@cy-tech.fr;$2y$10$USNGK/PqR6/wVUBcdhi0HOAKFf4Tdc8kzfdupGOe7zqxIxMk7jNQe;etudiant
77;Vidal;Michelle;NULL;NULL;NULL;NULL;gsi;30;14,318;MichelleVidal@cy-tech.fr;$2y$10$1olVGeqz0ZZjC9RZWeafg.LFv.eSxg1.MmbJqZdhCZHmOPpExcDRu;etudiant
78;Gomez;René;NULL;NULL;NULL;NULL;gsi;30;14,276;RenéGomez@cy-tech.fr;$2y$10$cdL/vusxcNZbjOUuAdfD2.LJleygvUPCUhxnEN8g2omHhMJir7PkC;etudiant
79;Lebreton;Denise;NULL;NULL;NULL;NULL;gsi;30;14,272;DeniseLebreton@cy-tech.fr;$2y$10$S.DNImIdWnHgSk9tqsVXNuXPY0k17ymYpI5mu7peaYLABLw/fvQpW;etudiant
80;Godard-Clerc;David;NULL;NULL;NULL;NULL;gsi;30;14,256;DavidGodard-Clerc@cy-tech.fr;$2y$10$fHDB1HNjCRxIyf06scB9eerjXBx9Ny7yeGOBqETr/4sOkWuMUhR4e;etudiant
81;Leroux;François;NULL;NULL;NULL;NULL;gsi;30;14,251;FrançoisLeroux@cy-tech.fr;$2y$10$XLvw4zK7Say3nFqTCIheB.OvmwPXRboD5ARTmT.HXU5zWmZ92XuDO;etudiant
82;Cordier;Célina;NULL;NULL;NULL;NULL;gsi;30;14,246;CélinaCordier@cy-tech.fr;$2y$10$UG3gvDHfvdlVfRCAKap.9OFuMYySBhJ4g1M2JSEZet17YAYFrLdBW;etudiant
83;Turpin;Marcelle;NULL;NULL;NULL;NULL;gsi;30;14,244;MarcelleTurpin@cy-tech.fr;$2y$10$ox5TxSXX6UjtAW3TfH0JhummSV90Qr9WuVzk4tSjqKtEEV0.J0uoG;etudiant
84;Guillou;Benjamin;NULL;NULL;NULL;NULL;gsi;30;14,225;BenjaminGuillou@cy-tech.fr;$2y$10$KyX5faMDAANUj7m1Boop9uAHs8SxA4oIpy3eXsG9u2lVk9iEE7dDW;etudiant
85;Renault-Jean;Lucas;NULL;NULL;NULL;NULL;gsi;30;14,207;LucasRenault-Jean@cy-tech.fr;$2y$10$ryv14FL9ZSqO775HDDZor.k0oCIBqhCMyA2yyz2PvWTsJRwOFWZkC;etudiant
86;du;Gabriel;NULL;NULL;NULL;NULL;gsi;30;14,198;Gabrieldu@cy-tech.fr;$2y$10$CqD/a.MUWniBVrXpcRPmOudgSX.6byNfwhMcaI6Ux8xPWpDBSkJhG;etudiant
87;de;Anaïs;NULL;NULL;NULL;NULL;gsi;30;14,185;Anaïsde@cy-tech.fr;$2y$10$u2hWsCA4aYXhxB4i99wspOktmYTlZR/IghWL/gxcICeqfSVu3/.Y6;etudiant
88;Techer;Agathe;NULL;NULL;NULL;NULL;gsi;30;14,182;AgatheTecher@cy-tech.fr;$2y$10$8cGFgrLREgAb.365XWn5ie.XQNdB16deCq9PK2upSqCscNiZoxj0G;etudiant
89;du;Étienne;NULL;NULL;NULL;NULL;gsi;30;14,17;Étiennedu@cy-tech.fr;$2y$10$2T7PrgCOdpdXJjak4/J2je50NMR0jHo6cw51oDYAnWDmQAgoLJHs6;etudiant
90;Richard;Andrée;NULL;NULL;NULL;NULL;gsi;30;14,137;AndréeRichard@cy-tech.fr;$2y$10$B0Xny0PJOYcz9OYvyaw.L.9hGEHMuZXnhamn4amV3a4jK/qg.rG2u;etudiant
91;Chevallier;Antoinette;NULL;NULL;NULL;NULL;gsi;30;14,125;AntoinetteChevallier@cy-tech.fr;$2y$10$P41PqCkzvWjKIQ.DBPL6SeUAKU.IYs2O836X9f4uhPI0r3CTSaCZC;etudiant
92;Le;Alphonse;NULL;NULL;NULL;NULL;gsi;30;14,121;AlphonseLe@cy-tech.fr;$2y$10$xMdNDeuz4PpAKAVZ6fIRUeWYoirPtZBU/5xG6mjLdzbTVwnR8grGK;etudiant
93;Maillard;Lucas;NULL;NULL;NULL;NULL;gsi;30;13,923;LucasMaillard@cy-tech.fr;$2y$10$FRmINYzCUwkCrsfyCTaLoeMhwplMGWlleJgp3XVZmktDv6bobFZbu;etudiant
94;Leleu;André;NULL;NULL;NULL;NULL;gsi;30;13,798;AndréLeleu@cy-tech.fr;$2y$10$rICf6FPp.JZb5fM5gtiG4OLlCkRg38FnJXJP7PxSqX8bOJAy6FEL2;etudiant
95;Riou;Emmanuel;NULL;NULL;NULL;NULL;gsi;30;13,785;EmmanuelRiou@cy-tech.fr;$2y$10$Mh0DZxcZkHex88.fZoZdJeOcU7Lwx6oxdX4OvIWfyFBeQOOMqYc6.;etudiant
96;Lesage;David;NULL;NULL;NULL;NULL;gsi;30;13,775;DavidLesage@cy-tech.fr;$2y$10$OmK5rbTHmuNyftVeG82LX.VRLMN0K99zaJRuqMrcS2VgPbFQUs2..;etudiant
97;Dubois;Grégoire;NULL;NULL;NULL;NULL;gsi;30;13,753;GrégoireDubois@cy-tech.fr;$2y$10$mMIV0S5HFBJts9IFPHx2Nu.4MV0Dshk.PsD1cCjf2f6lQSZzMt62i;etudiant
98;Leclercq;Paulette;NULL;NULL;NULL;NULL;gsi;30;13,729;PauletteLeclercq@cy-tech.fr;$2y$10$lSNsPts2RNGqMzANuEAIZuvsl.9oxagB1qh4q7Nisr0fQphjytKJG;etudiant
99;Faure;Thierry;NULL;NULL;NULL;NULL;gsi;30;13,724;ThierryFaure@cy-tech.fr;$2y$10$kN.kMcTmQZ3Q70VSLPEezOkOWJJt15q8AqHB.Ffkx4r5oSuNEPnMO;etudiant
100;Boyer;Pierre;NULL;NULL;NULL;NULL;gsi;30;13,718;PierreBoyer@cy-tech.fr;$2y$10$MkzuaylyKbi7Fy6MvikrZuT95Cd0pwNX8PUGcw7x9MzmSPyz9L.P2;etudiant
101;Benard-Charpentier;Éric;NULL;NULL;NULL;NULL;gsi;30;13,689;ÉricBenard-Charpentier@cy-tech.fr;$2y$10$4IcU5vBsyUSD9KpvFHxbmeRWtwWMJmjaXvTVgP7RxpTqeVc/wlY.6;etudiant
102;Gauthier-Martineau;Marcelle;NULL;NULL;NULL;NULL;gsi;30;13,572;MarcelleGauthier-Martineau@cy-tech.fr;$2y$10$g4/4K8J2fKzydn0RbwfFl.UC1iMOTbERLSXLzgvCzlRHQGpewnBgG;etudiant
103;Delmas;Christiane;NULL;NULL;NULL;NULL;gsi;30;13,454;ChristianeDelmas@cy-tech.fr;$2y$10$CrfTcgkrRcc6iMwT.TSgWuGDue0crdNxdn68Kf6PMxtCNFudUsicu;etudiant
104;Cousin;Corinne;NULL;NULL;NULL;NULL;gsi;30;13,436;CorinneCousin@cy-tech.fr;$2y$10$F2fTBtKyzOlSYC7mNgtGEuAmYHPeM4t3S1.RO2rslpm1uUSbJcEPe;etudiant
105;du;William;NULL;NULL;NULL;NULL;gsi;30;13,426;Williamdu@cy-tech.fr;$2y$10$Px4a6xzKIW.P1BZfJ8eSYuT2v16S8vhIDFLrHzCxNz8nB5dDbDTzK;etudiant
106;Maurice;Renée;NULL;NULL;NULL;NULL;gsi;30;13,418;RenéeMaurice@cy-tech.fr;$2y$10$TdN.MsJ2glguwTXvNvYL9OEx4rvKg6fQQjkVhQ0HBekTaQzIFIcci;etudiant
107;Weber;Zacharie;NULL;NULL;NULL;NULL;gsi;30;13,371;ZacharieWeber@cy-tech.fr;$2y$10$bZl5qMtfYyGHCIMQFuYGbuAt83jRwradVdNuIo4gQ038/KqSBIHDK;etudiant
108;Rousseau;Louis;NULL;NULL;NULL;NULL;gsi;30;13,354;LouisRousseau@cy-tech.fr;$2y$10$8EdgR4zCVVWPJ1xZAIBf8OYNrntw4yCGLg04TRTT0prklNQmusIei;etudiant
109;Hamel;Philippe;NULL;NULL;NULL;NULL;gsi;30;13,291;PhilippeHamel@cy-tech.fr;$2y$10$GySPtIO1ZpZvoiqG1SPyJ.VhLij4WiPxeVikB2rRidf5bW83yPAQS;etudiant
110;Mercier;Élise;NULL;NULL;NULL;NULL;gsi;30;13,287;ÉliseMercier@cy-tech.fr;$2y$10$hBCX3hR3vo1Uoex5CcCL5e/0ga/3d.2zrs6YRH9pd7AuKLUdWNAc2;etudiant
111;Chauvet;Bernard;NULL;NULL;NULL;NULL;gsi;30;13,278;BernardChauvet@cy-tech.fr;$2y$10$uCN8YDeG5BDyUTM01Dx0KuIL4kj5On6auzooFgN830uBVMKrCJw.S;etudiant
112;Pasquier;Théodore;NULL;NULL;NULL;NULL;gsi;30;13,274;ThéodorePasquier@cy-tech.fr;$2y$10$EGbKZKnK0GpGX0aUu/wECu4uxWfQjEiCzd.TUIt48.egTDPQVECiG;etudiant
113;Begue;Adèle;NULL;NULL;NULL;NULL;gsi;30;13,236;AdèleBegue@cy-tech.fr;$2y$10$mz7dg5yIItVlxCh56KHcLuNX7uSA3yAnWzp0osDQYNjLmxCCSmDf.;etudiant
114;Dumont;Adrien;NULL;NULL;NULL;NULL;gsi;30;13,209;AdrienDumont@cy-tech.fr;$2y$10$xuVlaTzyyN9Agm7ocnW6E.TYITOEEQFyQL/4p4fJQzs9reypsN0by;etudiant
115;Ferrand-Texier;Gilbert;NULL;NULL;NULL;NULL;gsi;30;13,16;GilbertFerrand-Texier@cy-tech.fr;$2y$10$fh1h29eNzA7m45tAweavxOs1W19AO2bdIvLB4NqbAwlPlt4nf3o7i;etudiant
116;Rocher;Anastasie;NULL;NULL;NULL;NULL;gsi;30;13,151;AnastasieRocher@cy-tech.fr;$2y$10$CAmCJwQkiH7k8EPeZUzUh.3PHJ/c7O0eLlH9x4fyDKcPHLTBsPCsa;etudiant
117;Le;Franck;NULL;NULL;NULL;NULL;gsi;30;13,115;FranckLe@cy-tech.fr;$2y$10$rFgvG/4J5BACSCds5xFoLu7gkGkc6C/i4.bAip/O7.5OWG/KrdiXm;etudiant
118;Renault;Michel;NULL;NULL;NULL;NULL;gsi;30;13,111;MichelRenault@cy-tech.fr;$2y$10$yePIk.pJKKUXk8YAOzRr5epsCYMs6akYbrCpq/F4Gdmt7oSMKrpbq;etudiant
119;Wagner;Margaud-Laure;NULL;NULL;NULL;NULL;gsi;30;13,095;Margaud-LaureWagner@cy-tech.fr;$2y$10$xqSIVULDRyS6J76o5L4JKOGLnUD04Hb0YYllCGJVCFcfH4VTWZCJe;etudiant
120;de;Suzanne;NULL;NULL;NULL;NULL;gsi;30;13,063;Suzannede@cy-tech.fr;$2y$10$/8GBsg0wgCyPVIJSCJT6.OX7WmcspsP87L9CWYlCP92DuYAovPRvu;etudiant
121;Ferrand;David;NULL;NULL;NULL;NULL;gsi;30;13,017;DavidFerrand@cy-tech.fr;$2y$10$JDa.OH41TqoWD1OtCsSinuODdD8qIqi75lAiT1KJ/JmdDI0o2MItG;etudiant
122;Duhamel;François;NULL;NULL;NULL;NULL;gsi;30;13,014;FrançoisDuhamel@cy-tech.fr;$2y$10$j009LGu5kt1QOX3CECjUG.lza0UB8aMpAT8568VZ.jVuEDJYhEkni;etudiant
123;Blot-Barbier;Franck;NULL;NULL;NULL;NULL;gsi;30;12,99;FranckBlot-Barbier@cy-tech.fr;$2y$10$btBRE7iahFeYvGkLGk2mle4uCChrwqpcSIXmb7p865K5H/.f766Ye;etudiant
124;Martins;Benjamin;NULL;NULL;NULL;NULL;gsi;30;12,989;BenjaminMartins@cy-tech.fr;$2y$10$5wUZti95K2eetNYjKXakfem7a2xKWsjF1T6fVJMhsIA9Ex/hroCcW;etudiant
125;du;Hugues;NULL;NULL;NULL;NULL;gsi;30;12,979;Huguesdu@cy-tech.fr;$2y$10$.gicM.czZqB3DzrXMj5gRefZeyyKaw6XHeF0Yr8SjZezqRul9peey;etudiant
126;Pons-Alves;Joséphine;NULL;NULL;NULL;NULL;gsi;30;12,961;JoséphinePons-Alves@cy-tech.fr;$2y$10$nz0Swp4xw5GE2LuhwHPg8e834tJ/n0Sg5eJ5GL.AAuACdQfdvg64O;etudiant
127;Martin;Diane;NULL;NULL;NULL;NULL;gsi;30;12,893;DianeMartin@cy-tech.fr;$2y$10$U7VYlxKe/aaDJoMAfhXxv.o1oGErNsLWtfcM78F/j8M1CEwgqyw5u;etudiant
128;Fournier;Auguste;NULL;NULL;NULL;NULL;gsi;30;12,886;AugusteFournier@cy-tech.fr;$2y$10$yXJ/yOaU3Ls2tliu0qsarumYX7EO3f859Ao6hg7yc.MU/vzIY2TMm;etudiant
129;Louis;Théodore;NULL;NULL;NULL;NULL;gsi;30;12,877;ThéodoreLouis@cy-tech.fr;$2y$10$wEvBCk5Myk5Rlj0GxCX17u3U1AweC62ZOED4g5bYr5Z8PDx2lu7dq;etudiant
130;Joubert;Chantal;NULL;NULL;NULL;NULL;gsi;30;12,875;ChantalJoubert@cy-tech.fr;$2y$10$GW6YCMom2vTl.hzZc9YOceOpxvws3OrlAvn13R592uZHe0BCgZewq;etudiant
131;Bouvet;Inès;NULL;NULL;NULL;NULL;gsi;30;12,822;InèsBouvet@cy-tech.fr;$2y$10$ON8rNjcxRBkhwrzVjITGpOK.BuMcr0294vosp4Cui5BvEWCTUBdHm;etudiant
132;Le;Sylvie;NULL;NULL;NULL;NULL;gsi;30;12,802;SylvieLe@cy-tech.fr;$2y$10$fj4OtEJ1cHq194t3w8ntMunJLR/ORF0m96ja.ZA4vkOTmboNXXMPW;etudiant
133;Ollivier;Anouk-Pénélope;NULL;NULL;NULL;NULL;gsi;30;12,756;Anouk-PénélopeOllivier@cy-tech.fr;$2y$10$.WA9D200/d.Ry4AB8aiUbeZQIb1vd05ZSb8ug4JLdJAdHA2/YXqmG;etudiant
134;Evrard;Olivie;NULL;NULL;NULL;NULL;gsi;30;12,689;OlivieEvrard@cy-tech.fr;$2y$10$P8sR1J/7.S9iPwzgUlrRAuDLwdjmMIHJxWIExj/PYCSLR4E5nSrou;etudiant
135;Roche;Augustin;NULL;NULL;NULL;NULL;gsi;30;12,601;AugustinRoche@cy-tech.fr;$2y$10$3AjWFkEbOqaQcLbXtatkleQqzcJV6MQdzAV.Am1DYHPUAp1305VZC;etudiant
136;du;Marcelle;NULL;NULL;NULL;NULL;gsi;30;12,394;Marcelledu@cy-tech.fr;$2y$10$.l2lUMHJgI.b0kYEX2EBde2PAlYyubjDUOIL7YnaXwt2kXAuyuzsy;etudiant
137;Loiseau;Antoine;NULL;NULL;NULL;NULL;gsi;30;12,307;AntoineLoiseau@cy-tech.fr;$2y$10$W5A/WTOeKOZa0ks7wt0LGudgpFrldnPWelKbqffUmdd5ohhHf/X6a;etudiant
138;Pottier;Jérôme;NULL;NULL;NULL;NULL;gsi;30;12,294;JérômePottier@cy-tech.fr;$2y$10$CwRbYG0MU2rGvlJjrcb1gOEH5MWczm/HkFClFnWUeVpW0dZUK1Pia;etudiant
139;Lesage;Julie;NULL;NULL;NULL;NULL;gsi;30;12,279;JulieLesage@cy-tech.fr;$2y$10$xkqrMWbgsnYgqDEgohk7wevU/H/wRTZL0T3FwCx37vQyXVBYws4Em;etudiant
140;Guibert;Jacques;NULL;NULL;NULL;NULL;gsi;30;12,247;JacquesGuibert@cy-tech.fr;$2y$10$QwyHCMS8sVZANDIrI3eCXOG62fwz1XtI36j86QljIKwaeOY4TrAzu;etudiant
141;Albert;Paulette-Valérie;NULL;NULL;NULL;NULL;gsi;30;12,222;Paulette-ValérieAlbert@cy-tech.fr;$2y$10$0VzSETRm/9W7DHrdN9pDQO.ADUDetdXAZnPNe54I/aA7InrxL4xqi;etudiant
142;Lefort-Letellier;Antoine;NULL;NULL;NULL;NULL;gsi;30;12,126;AntoineLefort-Letellier@cy-tech.fr;$2y$10$dntgh/pB626u8MJpxxLzYuQLroNxEwpv0vH2hmh8D69Uge8ovBtK.;etudiant
143;de;Josette;NULL;NULL;NULL;NULL;gsi;30;11,888;Josettede@cy-tech.fr;$2y$10$ts3Uk.tJVeRa3yZp8rawTuACa.blsxUzy99Wz9p.XjpnZGdhn.01S;etudiant
144;Deschamps;Pénélope;NULL;NULL;NULL;NULL;gsi;30;11,881;PénélopeDeschamps@cy-tech.fr;$2y$10$Fl8uJHrymQoTgK4gzqV6Aek5UfW6LqSaZpKIxHxFI37/HrV.LQzky;etudiant
145;Meyer;Thérèse;NULL;NULL;NULL;NULL;gsi;30;11,74;ThérèseMeyer@cy-tech.fr;$2y$10$2uUaDijBgD8gopYGbgpcSOaMbBAaKDUfRnlVcGA70ZMws68LhB3Iu;etudiant
146;Guyot;Marcel;NULL;NULL;NULL;NULL;gsi;30;11,629;MarcelGuyot@cy-tech.fr;$2y$10$IFVKiRw1gUOciyfgaN/oF.Qy1FFkJEto5/wzXdolIUZPf5jjt49e2;etudiant
147;Bernard;Daniel;NULL;NULL;NULL;NULL;gsi;30;11,59;DanielBernard@cy-tech.fr;$2y$10$W8mRkZsLIDWCi4TgzEFHJ.Nd3gw4B0DMf1ysPVJgiZEl9NkCykNge;etudiant
148;Fernandez;Julie;NULL;NULL;NULL;NULL;gsi;30;11,349;JulieFernandez@cy-tech.fr;$2y$10$MER/s2tZJnAsX1ihfFlerORw6FqaW6OwriZ8.HjVLlJqj7lOzqNZC;etudiant
149;Lesage;Hugues;NULL;NULL;NULL;NULL;gsi;30;11,169;HuguesLesage@cy-tech.fr;$2y$10$lClm0sIFSzLH.O9w0hUnuetDoEA9iJH9yxT6Sb02I3yHXfGi3hORC;etudiant
150;Guibert-Huet;Zoé;NULL;NULL;NULL;NULL;gsi;30;11,063;ZoéGuibert-Huet@cy-tech.fr;$2y$10$wu2M7nY8F642GJt1xkGuMO2q5bIMnb2mXCcJtitZgP70TnNWyRodK;etudiant
151;Gauthier;Augustin;NULL;NULL;NULL;NULL;gsi;15;14,286;AugustinGauthier@cy-tech.fr;$2y$10$zLWClveloEQngM58nmFTiuxc4F5cXpXAMAwEsD4/5XSiEEHd7iX3u;etudiant
152;Le;Luce;NULL;NULL;NULL;NULL;gsi;15;13,628;LuceLe@cy-tech.fr;$2y$10$wKifh7m1xyXKr3uG2.oT6.1SzJiNT8jORI3/dgV.hsaDiw/Ur0CLa;etudiant
153;Boulanger;Stéphane;NULL;NULL;NULL;NULL;gsi;15;12,471;StéphaneBoulanger@cy-tech.fr;$2y$10$oJAE2RU4zUwsoaDDL8ZcIOd4p5magXFyJeNIrPwphMVVT3X86PDl2;etudiant
154;Loiseau;Alfred;NULL;NULL;NULL;NULL;gsi;15;12,233;AlfredLoiseau@cy-tech.fr;$2y$10$Re2uzc5vdBz8BBVrG6sA6.EX4KAEz/4AuQI2VAwQzj7z/rikJw.de;etudiant
155;Le;Brigitte;NULL;NULL;NULL;NULL;gsi;15;12,217;BrigitteLe@cy-tech.fr;$2y$10$NcMhVwKTGCfuhjwDhx/rvuZaKM56Q7i5x55.zzSLS5mNVrXtZ/aMC;etudiant
156;Guillot;Alice;NULL;NULL;NULL;NULL;gsi;15;12,06;AliceGuillot@cy-tech.fr;$2y$10$/9YUZbij3ZZ8RR9OCbJpe.EIdFw8Ar/mc6vHuRhMuGV3Ahrq8v3EC;etudiant
157;Le;Lucy;NULL;NULL;NULL;NULL;gsi;15;11,79;LucyLe@cy-tech.fr;$2y$10$sySK0lfXjaVzW/0O4FWCTOKj9Pt09aWJi0VL2GU5Dw9GNLF6exyba;etudiant
158;Charpentier-Leroux;Madeleine;NULL;NULL;NULL;NULL;gsi;15;11,763;MadeleineCharpentier-Leroux@cy-tech.fr;$2y$10$U2G5yZ1mRJ3x7TxdqjT43uvWceM6BzWShwMrplZFBNlywyeyRKrEe;etudiant
159;du;Emmanuel;NULL;NULL;NULL;NULL;gsi;15;11,617;Emmanueldu@cy-tech.fr;$2y$10$3XR8cOIPxcvqW3VbeNW2l.YNylKBLZo5r01qmD0wt2R0gldOK6jyq;etudiant
160;de;Bernard;NULL;NULL;NULL;NULL;gsi;15;11,602;Bernardde@cy-tech.fr;$2y$10$el2p7BXatvvYJAF4fGyQ1ulWlNtVOiJiHD1bs7VWxwGDn0xrSH6Zi;etudiant
161;Auger;Céline;NULL;NULL;NULL;NULL;gsi;15;11,535;CélineAuger@cy-tech.fr;$2y$10$PPjtLY2x9iHADaFHQHhq0eVU654jIJ3fwkWZ5JPbWVoAWdoizuKpe;etudiant
162;Picard;Auguste;NULL;NULL;NULL;NULL;gsi;15;11,53;AugustePicard@cy-tech.fr;$2y$10$BAQ0m4WCHqE1By/qBQJvUeR3kaeOzt4sy5uqCkyHGxjAUVUk56I.S;etudiant
163;Allain;Augustin;NULL;NULL;NULL;NULL;gsi;15;11,513;AugustinAllain@cy-tech.fr;$2y$10$AcRuj398GHE.Ubpfejnus.fCHVG6bNEUa7wupPJIMRH98Iob7sEMK;etudiant
164;Pichon;Aurore;NULL;NULL;NULL;NULL;gsi;15;11,41;AurorePichon@cy-tech.fr;$2y$10$nMfalEOP3NGj4x9grFJJ8O/M6/pQ4XhbQGCNwtxy3mxT0HVcKR9v2;etudiant
165;Bruneau;Danielle-Joséphine;NULL;NULL;NULL;NULL;gsi;15;11,389;Danielle-JoséphineBruneau@cy-tech.fr;$2y$10$zJv2nryHwz8kYiDn.l59Y.rW8zl6QqN.d9glEhNaWEzENqZaonjuO;etudiant
166;Nguyen;Océane;NULL;NULL;NULL;NULL;gsi;15;11,37;OcéaneNguyen@cy-tech.fr;$2y$10$/6fcr5wDIvKoCi6DX47v4.0V4PXMuFVNg5yua0Xisa9C.KbK5gE/O;etudiant
167;Perret;Alexandre;NULL;NULL;NULL;NULL;gsi;15;11,305;AlexandrePerret@cy-tech.fr;$2y$10$bGaT5wsyQb2oRFckdqttgelNwIlxJsgLai5NmX0kDvhVJjvF1T79q;etudiant
168;Vasseur;Gabrielle;NULL;NULL;NULL;NULL;gsi;15;10,902;GabrielleVasseur@cy-tech.fr;$2y$10$JT92U8haKm71ijoH5BgSFugDKVEtpnFqgT4jr0GhN7Gp9BPg4HHpm;etudiant
169;Mary;Pierre;NULL;NULL;NULL;NULL;gsi;15;10,831;PierreMary@cy-tech.fr;$2y$10$oCW.u1P4WlqkxFCyUv1JJu9FyyqL.frfPLUqQH0.wEHyjtjranZTO;etudiant
170;Guibert;Michelle;NULL;NULL;NULL;NULL;gsi;15;10,758;MichelleGuibert@cy-tech.fr;$2y$10$1UWyaZsnyyZFmeRYXQpVOOC68zhvfcGUALrpbmziGkCrogjXm4fw.;etudiant
171;de;Marguerite;NULL;NULL;NULL;NULL;gsi;15;10,367;Margueritede@cy-tech.fr;$2y$10$CuX5ElRUDwNkgZ7sNYt5Yese4kjOkZUs0DRROgMFH371KdDKxkbD2;etudiant
172;Vasseur;Victor;NULL;NULL;NULL;NULL;gsi;15;10,337;VictorVasseur@cy-tech.fr;$2y$10$Pk2y1dpZ4M9Dp4C1bA.9SeilFSmjjS1DuD4dnkDBn3aQ54ooFl6Du;etudiant
173;Bonnet;Simone-Gabrielle;NULL;NULL;NULL;NULL;gsi;15;10,301;Simone-GabrielleBonnet@cy-tech.fr;$2y$10$ilHhZo4MK1lMwacNfxLjo.E3a.3rGL8lIEjDYpeXE4NFDFeWPqEDu;etudiant
174;Menard;Adrien-Xavier;NULL;NULL;NULL;NULL;gsi;15;10,291;Adrien-XavierMenard@cy-tech.fr;$2y$10$Dxa87Ey4kJ9bgcTgA5qnfuNGb7XsNvlkVlJqH/mVpPnc.iJhnP4Ky;etudiant
175;Carlier;Marcel;NULL;NULL;NULL;NULL;gsi;15;10,29;MarcelCarlier@cy-tech.fr;$2y$10$oCCHWgV9IWEu/D.wz.wa7uTWJuvkqocF54qbl4w2XnjrL.vbNrsH2;etudiant
176;Muller;Zacharie;NULL;NULL;NULL;NULL;gsi;15;10,147;ZacharieMuller@cy-tech.fr;$2y$10$YiAbr7Dehdohrx7kxUlKCOjUHmVkpp.ARL7mpbLdmVWNP3BJNbN.y;etudiant
177;Mendes;Andrée;NULL;NULL;NULL;NULL;gsi;15;10,068;AndréeMendes@cy-tech.fr;$2y$10$wbasewBsl7ORImLVyVgvP.z9or4/oF2YouviU.m1uVNIyPsfoAgum;etudiant
178;Clerc-Maillard;Auguste;NULL;NULL;NULL;NULL;gsi;15;8,952;AugusteClerc-Maillard@cy-tech.fr;$2y$10$5zDLUBoBHEVVlBqnvso1LeIm/gjzEzymsscba4mBXqCNdb.k8pMOC;etudiant
179;Maillard;Léon;NULL;NULL;NULL;NULL;gsi;15;8,768;LéonMaillard@cy-tech.fr;$2y$10$6VmJmMmAv3f3rk4E8jM2F./aFnNu5VO8WO3Ru8bkyTNzuXPPxnUjS;etudiant
180;Poulain;Jeanne;NULL;NULL;NULL;NULL;gsi;30;13,411;JeannePoulain@cy-tech.fr;$2y$10$v74wlHbFWmW73Emaq63H5uUqK3/AtV6WCeY2uHXz4IB/CuFq7wmdG;etudiant
181;Thomas;François;NULL;NULL;NULL;NULL;gsi;30;12,628;FrançoisThomas@cy-tech.fr;$2y$10$uLrsVKtDcJtnW6LjaPE/9OA8DeKC/6515DRZ.78x0LdeHjB/Ufueq;etudiant
182;Bouvier;André;NULL;NULL;NULL;NULL;gsi;30;12,333;AndréBouvier@cy-tech.fr;$2y$10$9.QDPFseJzx3WvQYCcG5AOZmx/ez33uJ/tEKgqgGq8SZwi7aVJQp2;etudiant
183;Lecomte;Monique;NULL;NULL;NULL;NULL;gsi;15;13,528;MoniqueLecomte@cy-tech.fr;$2y$10$p450clNBxqTx7x1KCE3Aj.RehPbPKkzmlaBrcFCXuCbZPqLWpCM76;etudiant
184;Dufour;Gérard;NULL;NULL;NULL;NULL;gsi;15;13,036;GérardDufour@cy-tech.fr;$2y$10$/bs/6kMFGJC1//4DXMQ.Pery.AKwAeBv4HLKUgxjPznSRdFfjdTaa;etudiant
185;Andre;William;NULL;NULL;NULL;NULL;gsi;15;12,897;WilliamAndre@cy-tech.fr;$2y$10$EgYkk4k6XfSsBHMkiIW12ONBThwBFK2/imLaeh1dXDUV05TWjMK8K;etudiant
186;Blanchet;Gabriel;NULL;NULL;NULL;NULL;gsi;15;12,597;GabrielBlanchet@cy-tech.fr;$2y$10$VlnItUqIat5jcK4lwnKezOyGIxoPuYP1NrCJ9hDGLNqYdhJrw1fFS;etudiant
187;Maillot-Guyot;Frédérique;NULL;NULL;NULL;NULL;gsi;15;11,851;FrédériqueMaillot-Guyot@cy-tech.fr;$2y$10$l5ap8gPXOPy2CKiPa63JvuGkJcsvOw6HsSwh3dwy7Oixg3I97kw0.;etudiant
188;Deschamps;Gilbert;NULL;NULL;NULL;NULL;gsi;15;11,51;GilbertDeschamps@cy-tech.fr;$2y$10$bp6mJowOfqNDCqWr6uLzNOi6X8LWv7c8pQvsMBfMQbdT44EYIg/Lq;etudiant
189;Blondel;Élisabeth;NULL;NULL;NULL;NULL;gsi;15;11,261;ÉlisabethBlondel@cy-tech.fr;$2y$10$IkGRMfHRder72Nsz38g9/OLZlgmrqEBu6TJY0DIwcNGAh03Xi0Q.2;etudiant
190;Tanguy;Henriette-Marthe;NULL;NULL;NULL;NULL;gsi;15;10,95;Henriette-MartheTanguy@cy-tech.fr;$2y$10$9v8jpyE1qiF.qK.WrkSZD.V1ycDX56VstYoABN8R9iGyetl3juY96;etudiant
191;Guillon;Daniel;NULL;NULL;NULL;NULL;gsi;15;10,726;DanielGuillon@cy-tech.fr;$2y$10$VRiYIUznimVVaMRHkPzA/uRVRhxXyeNSldWYNsoiYJOW8qs8cq54K;etudiant
192;Gimenez;Claude;NULL;NULL;NULL;NULL;gsi;15;10,602;ClaudeGimenez@cy-tech.fr;$2y$10$JCFjYUeSZTca4ffYe6MC/eO.HUmjtv3yFnxS8B7i4v1rd1eo76KK6;etudiant
193;Hubert;Victor;NULL;NULL;NULL;NULL;gsi;15;10,576;VictorHubert@cy-tech.fr;$2y$10$zJqkRhLcJz7rvjmjzxCCpuHnLcUU1l9Tb10YYkblRIZ15VcuYpqnC;etudiant
194;Fischer;Astrid;NULL;NULL;NULL;NULL;gsi;15;10,427;AstridFischer@cy-tech.fr;$2y$10$HNS.g8Zk7WC9QKhiPNFlEugN7YvKmpwGovSDXtXZQ3seNroMyd3cu;etudiant
195;De;Philippe;NULL;NULL;NULL;NULL;gsi;15;9,523;PhilippeDe@cy-tech.fr;$2y$10$OI5cCSkwZAv4d/LMkKOAD.43LA49qcxbzd96Mk4wbX2wSSZmCQweq;etudiant
196;Rousset;Éric;NULL;NULL;NULL;NULL;gsi;15;9,459;ÉricRousset@cy-tech.fr;$2y$10$BnPX5qQp0ixgsrYdwi7uFOneolk4EoQUgq74xnV0Q4Ph.GW1xQ9QW;etudiant
197;Gauthier;Océane;NULL;NULL;NULL;NULL;gsi;0;0;OcéaneGauthier@cy-tech.fr;$2y$10$trvPox.lICygYB08ftBqoeyYKQPH6nYRIIHzTxUnA7PI6Ot0xbr26;etudiant
198;Cohen;Jules;NULL;NULL;NULL;NULL;gsi;0;0;JulesCohen@cy-tech.fr;$2y$10$lAH41/698bu3eyRpYwPo.uJUoQiaDVFKAmEh6/NpTmIX.FthwUMnO;etudiant
199;Morin;Patrick;NULL;NULL;NULL;NULL;gsi;15;10,731;PatrickMorin@cy-tech.fr;$2y$10$BVlRoI5qJRkbIFzObCPvF.tF7gPpkQEb2WR.Dx2wO8RpkbiDLy212;etudiant
200;David-Rey;Augustin;NULL;NULL;NULL;NULL;gsi;15;9,891;AugustinDavid-Rey@cy-tech.fr;$2y$10$2sAlJ/GW8ldlnvT92KK73OeOG3bdtFVlc2Hdnl6E09yaoRKqDamlu;etudiant
201;Albert;Dorothée;NULL;NULL;NULL;NULL;gsi;15;9,291;DorothéeAlbert@cy-tech.fr;$2y$10$pSmnoaJR1ij8sdVbSkPNSewK24xrOYWgqN3fxW2bZp4vem3CUi7/S;etudiant
202;Mallet;Christophe-Honoré;NULL;NULL;NULL;NULL;gsi;15;9,255;Christophe-HonoréMallet@cy-tech.fr;$2y$10$LTwJCmWN9mpxfUijYGFpCemi9pzCMQJE5WR62jOW.MuwD9GTxgM2C;etudiant
203;Leconte;Édouard;NULL;NULL;NULL;NULL;gsi;15;9,007;ÉdouardLeconte@cy-tech.fr;$2y$10$G0.zF5j.qcyKEalbaZdCnOqREveXZvVd.qDF0DVeN5ah1sIbxXOXy;etudiant
204;Leclerc;Dominique;NULL;NULL;NULL;NULL;gsi;0;0;DominiqueLeclerc@cy-tech.fr;$2y$10$yyjYAzKpzYska8emffLm4.2rqCy4UbRvPxnbVr7xQKq2GcM0DeBRa;etudiant
205;Picard;René;NULL;NULL;NULL;NULL;gsi;0;0;RenéPicard@cy-tech.fr;$2y$10$q3HLWCkk/mNzoXkJswevtuR/g3/7mxad2mbyAeil0R/v4mitCDImu;etudiant
206;Arnaud;Jules;NULL;NULL;NULL;NULL;gsi;0;0;JulesArnaud@cy-tech.fr;$2y$10$yZ4y/.y1NBRA8JrsIpMN0.D3WHzzBNHd8Wm2nAy72f9Dq06/p7hv.;etudiant
207;Coulon;Raymond-Édouard;NULL;NULL;NULL;NULL;gsi;15;1,475;Raymond-ÉdouardCoulon@cy-tech.fr;$2y$10$xN.rs3O46D4CdjMnFZCQ2O8N7IfRGENVaH7eup0T18umQMDOwnxtK;etudiant
208;Martin;Joséphine;NULL;NULL;NULL;NULL;gsi;0;0;JoséphineMartin@cy-tech.fr;$2y$10$XxsCc5ZnVRYkzhSv1j8nMuvZQsWF30KmPHpPikUaolyasbNVuCs9W;etudiant
209;du;Nath;NULL;NULL;NULL;NULL;gsi;0;0;Nathdu@cy-tech.fr;$2y$10$uQQfsH/jsSK2ZZEBKhvB5unS/7tKUG5jkHFiZr34njOWGTGnasvQS;etudiant
210;Fournier;Anouk;NULL;NULL;NULL;NULL;gsi;0;0;AnoukFournier@cy-tech.fr;$2y$10$ERQD0jbu.LLJ.vrw11GNm.XaEUha/Oy6fxTtjWjajne.mr8gmCENS;etudiant
211;ds;ds;Homme;2022-05-03;1;1;gsi;1;1;Xess;$2y$10$Q3erD4FdoGTsgdH60BGSoORce1za2AW9YNGy4Ws2TV0FNM/CGlFtq;etudiant
212;ds;ds;Homme;2022-05-12;1;1;gsi;2;3;2;$2y$10$2D66WdM15TBv/r8Yx4Rto..pMgMpbTsDH.Gs3dvOfsCCcr3VmfXvi;etudiant
